{"cameraMode":{"drawMode":0,"name":"Shaded","section":"Shading Mode"},"sceneLighting":false,"audioPlay":false,"sceneViewState":{"m_AlwaysRefresh":false,"showFog":true,"showSkybox":false,"showFlares":true,"showImageEffects":true,"showParticleSystems":true,"showVisualEffectGraphs":true,"m_FxEnabled":true},"in2DMode":false,"pivot":{"x":0.18623602390289308,"y":0.5299773216247559,"z":1.680105209350586},"rotation":{"x":0.04768260568380356,"y":0.8933061957359314,"z":-0.43616411089897158,"w":0.09767059236764908},"size":5465.37548828125,"orthographic":false}